{"type":"header","name":"Header group","sections":{"announcement-bar":{"type":"announcement-bar","blocks":{"message":{"type":"message","settings":{"text":"Announce something here","url":""}}},"block_order":["message"],"settings":{"enable_sticky":false,"autoplay":false,"cycle_speed":6,"text_size":"text-xs","navigation_mode":"scrolling","scrolling_speed":10,"background":"#1a1a1a","background_gradient":"","text_color":"#ffffff"}},"header":{"type":"header","settings":{"enable_sticky":true,"hide_on_scroll":false,"logo":"shopify:\/\/shop_images\/exwaylogo-black-svg.svg","logo_max_width":120,"logo_mobile_max_width":100,"menu":"footer","sidebar_menu":"","secondary_menu":"","menu_open_trigger":"hover","opening_from":"left","layout":"logo_left_navigation_inline","show_social_media":true,"show_locale_selector":true,"show_country_selector":true,"show_country_flag":true,"show_country_name":true,"transparent_header_text_color":"#ffffff","transparent_logo":"shopify:\/\/shop_images\/exwaylogo-svg.svg","reduce_padding":false,"background_opacity":100,"background_blur_radius":0}}},"order":["announcement-bar","header"]}